{
  "labels": [
    {
      "id": "7",
      "data": {
        "position": [
          0.14144858093015533,
          0.11167819176002729,
          1.4172887816801536
        ],
        "rotation": [
          1.7079266601251344,
          -0.01643660032280299,
          -0.6441352467615191
        ],
        "quaternion": [
          0.7168123466027254,
          0.2334979747001978,
          -0.21382942514102085,
          0.6212372594368921
        ],
        "scale": [
          0.6302749517373087,
          0.5129799070115966,
          0.415515513840948
        ]
      }
    },
    {
      "id": "6",
      "data": {
        "position": [
          0.2857221436305944,
          -0.3312424183901717,
          3.031965124498509
        ],
        "rotation": [
          1.7079266601251366,
          -0.016436600322803765,
          -0.8114322409233432
        ],
        "quaternion": [
          0.6947970299547904,
          0.29257192551098116,
          -0.26498675455839865,
          0.6011994473362444
        ],
        "scale": [
          0.42092905204039915,
          0.5490696057076436,
          0.7266309513846149
        ]
      }
    },
    {
      "id": "4",
      "data": {
        "position": [
          0.8571985300921985,
          0.06756024380117387,
          2.1196300241513737
        ],
        "rotation": [
          1.7079266601251375,
          -0.016436600322802877,
          -0.7296500012413735
        ],
        "quaternion": [
          0.7061764914274786,
          0.2639242455447734,
          -0.24018837719571812,
          0.611529475192231
        ],
        "scale": [
          0.2119996696700387,
          0.21199966967003844,
          0.21199966967003853
        ]
      }
    },
    {
      "id": "5",
      "data": {
        "position": [
          -0.699173882619281,
          -0.13486277636096194,
          2.2928334241879416
        ],
        "rotation": [
          1.7079266601251373,
          -0.01643660032280249,
          -1.0019824048251622
        ],
        "quaternion": [
          0.6638132979993061,
          0.3573417829340502,
          -0.3209776850565342,
          0.5732644078124393
        ],
        "scale": [
          0.6454753014266165,
          0.6454753014266156,
          0.6454753014266158
        ]
      }
    }
  ]
}